{
  "name": "Hit Location",
  "die": "1d100",
  "rows": [{
    "description": "Head",
    "result": "head",
    "range": [1, 9]
  }, {
    "description": "Left Arm",
    "result": "lArm",
    "range": [10, 24]
  }, {
    "description": "Right Arm",
    "result": "rArm",
    "range": [25, 44]
  }, {
    "description": "Body",
    "result": "body",
    "range": [45, 79]
  }, {
    "description": "Left Leg",
    "result": "lLeg",
    "range": [80, 89]
  }, {
    "description": "Right Leg",
    "result": "rLeg",
    "range": [90, 100]
  }]
}